{
    "NORMAL": {
        "precision": 0.0,
        "recall": 0.0,
        "f1-score": 0.0,
        "support": 234.0
    },
    "PNEUMONIA": {
        "precision": 0.625,
        "recall": 1.0,
        "f1-score": 0.7692307692307693,
        "support": 390.0
    },
    "accuracy": 0.625,
    "macro avg": {
        "precision": 0.3125,
        "recall": 0.5,
        "f1-score": 0.38461538461538464,
        "support": 624.0
    },
    "weighted avg": {
        "precision": 0.390625,
        "recall": 0.625,
        "f1-score": 0.4807692307692308,
        "support": 624.0
    }
}