{"train_loss": [0.17915942439912286, 0.07254331309256927, 0.05984603712032406, 0.048574566632577795, 0.04215189767715755], "train_acc": [0.9231211656441718, 0.972967791411043, 0.9787193251533742, 0.9814033742331288, 0.9850460122699386], "val_loss": [0.4296687664702917, 0.28981664024579984, 0.5126228407323838, 0.424926081924544, 0.8404305393265438], "val_acc": [0.8669871794871795, 0.9182692307692307, 0.8814102564102564, 0.8878205128205128, 0.8173076923076923]}